epoch,step,test_f1,test_iou,test_loss,train_f1,train_iou,train_loss_epoch,train_loss_step,valid_f1,valid_iou,valid_loss
0,9,,,,,,,0.9304265975952148,,,
0,19,,,,,,,0.8306962847709656,,,
0,29,,,,,,,0.7155853509902954,,,
0,39,,,,,,,0.5265328288078308,,,
0,49,,,,,,,0.5702081918716431,,,
0,59,,,,,,,0.4016190767288208,,,
0,69,,,,,,,0.44818300008773804,,,
0,79,,,,,,,0.4770647883415222,,,
0,89,,,,,,,0.3761601746082306,,,
0,99,,,,,,,0.37147730588912964,,,
0,109,,,,,,,0.5132923126220703,,,
0,119,,,,,,,0.2850070595741272,,,
0,129,,,,,,,0.399397611618042,,,
0,139,,,,,,,0.2807135581970215,,,
0,149,,,,,,,0.29154595732688904,,,
0,159,,,,,,,0.28346601128578186,,,
0,169,,,,,,,0.3258140981197357,,,
0,179,,,,,,,0.2606247067451477,,,
0,189,,,,,,,0.2179204225540161,,,
0,199,,,,,,,0.2128387987613678,,,
0,201,,,,,,,,0.9403533935546875,0.8875868320465088,0.23850879073143005
0,201,,,,0.8420007824897766,0.7561067342758179,0.45395174622535706,,,,
1,209,,,,,,,0.20240086317062378,,,
1,219,,,,,,,0.1868598312139511,,,
1,229,,,,,,,0.17314624786376953,,,
1,239,,,,,,,0.26840347051620483,,,
1,249,,,,,,,0.19327585399150848,,,
1,259,,,,,,,0.2413865625858307,,,
1,269,,,,,,,0.3652094304561615,,,
1,279,,,,,,,0.24423378705978394,,,
1,289,,,,,,,0.16499580442905426,,,
1,299,,,,,,,0.11734572052955627,,,
1,309,,,,,,,0.1810324490070343,,,
1,319,,,,,,,0.23955203592777252,,,
1,329,,,,,,,0.2078929990530014,,,
1,339,,,,,,,0.13092242181301117,,,
1,349,,,,,,,0.18324005603790283,,,
1,359,,,,,,,0.16514219343662262,,,
1,369,,,,,,,0.19414371252059937,,,
1,379,,,,,,,0.1681293547153473,,,
1,389,,,,,,,0.22641906142234802,,,
1,399,,,,,,,0.16624104976654053,,,
1,403,,,,,,,,0.9498292803764343,0.9046230912208557,0.1722346842288971
1,403,,,,0.9415519833564758,0.8901544809341431,0.20774057507514954,,,,
2,409,,,,,,,0.13587376475334167,,,
2,419,,,,,,,0.15306909382343292,,,
2,429,,,,,,,0.15044894814491272,,,
2,439,,,,,,,0.1169000193476677,,,
2,449,,,,,,,0.17161399126052856,,,
2,459,,,,,,,0.20385615527629852,,,
2,469,,,,,,,0.14099906384944916,,,
2,479,,,,,,,0.14774340391159058,,,
2,489,,,,,,,0.15082445740699768,,,
2,499,,,,,,,0.16925905644893646,,,
2,509,,,,,,,0.14246118068695068,,,
2,519,,,,,,,0.0930241122841835,,,
2,529,,,,,,,0.1683349609375,,,
2,539,,,,,,,0.3722895085811615,,,
2,549,,,,,,,0.15245631337165833,,,
2,559,,,,,,,0.09758950769901276,,,
2,569,,,,,,,0.13745521008968353,,,
2,579,,,,,,,0.14934822916984558,,,
2,589,,,,,,,0.1170729398727417,,,
2,599,,,,,,,0.12081383168697357,,,
2,605,,,,,,,,0.9525671601295471,0.9097349047660828,0.16135115921497345
2,605,,,,0.9548559188842773,0.9139918088912964,0.15201036632061005,,,,
3,609,,,,,,,0.11320947855710983,,,
3,619,,,,,,,0.10590612888336182,,,
3,629,,,,,,,0.16343849897384644,,,
3,639,,,,,,,0.29370787739753723,,,
3,649,,,,,,,0.1075611412525177,,,
3,659,,,,,,,0.09842151403427124,,,
3,669,,,,,,,0.12823116779327393,,,
3,679,,,,,,,0.1329738348722458,,,
3,689,,,,,,,0.1559705138206482,,,
3,699,,,,,,,0.11693128198385239,,,
3,709,,,,,,,0.168852761387825,,,
3,719,,,,,,,0.13077706098556519,,,
3,729,,,,,,,0.10702977329492569,,,
3,739,,,,,,,0.1265174150466919,,,
3,749,,,,,,,0.15062694251537323,,,
3,759,,,,,,,0.1237659677863121,,,
3,769,,,,,,,0.10688954591751099,,,
3,779,,,,,,,0.18144012987613678,,,
3,789,,,,,,,0.11730058491230011,,,
3,799,,,,,,,0.10203901678323746,,,
3,807,,,,,,,,0.9517400860786438,0.9083565473556519,0.1553010791540146
3,807,,,,0.9628744721412659,0.9286314845085144,0.1201346144080162,,,,
4,809,,,,,,,0.15185514092445374,,,
4,819,,,,,,,0.12434715032577515,,,
4,829,,,,,,,0.05344279110431671,,,
4,839,,,,,,,0.09794935584068298,,,
4,849,,,,,,,0.08986032754182816,,,
4,859,,,,,,,0.09544539451599121,,,
4,869,,,,,,,0.06796453893184662,,,
4,879,,,,,,,0.09740079194307327,,,
4,889,,,,,,,0.09148202836513519,,,
4,899,,,,,,,0.2141423225402832,,,
4,909,,,,,,,0.09349784255027771,,,
4,919,,,,,,,0.09698174148797989,,,
4,929,,,,,,,0.09335675835609436,,,
4,939,,,,,,,0.0746522843837738,,,
4,949,,,,,,,0.12107352912425995,,,
4,959,,,,,,,0.11055251210927963,,,
4,969,,,,,,,0.09878481179475784,,,
4,979,,,,,,,0.07541152089834213,,,
4,989,,,,,,,0.06016441062092781,,,
4,999,,,,,,,0.10956138372421265,,,
4,1009,,,,,,,0.08908389508724213,,,
4,1009,,,,,,,,0.9559069871902466,0.9159117341041565,0.14365124702453613
4,1009,,,,0.9671463966369629,0.9365556836128235,0.10117464512586594,,,,
5,1019,,,,,,,0.06842193752527237,,,
5,1029,,,,,,,0.08256883919239044,,,
5,1039,,,,,,,0.07365430891513824,,,
5,1049,,,,,,,0.10032647848129272,,,
5,1059,,,,,,,0.2160942256450653,,,
5,1069,,,,,,,0.07613512128591537,,,
5,1079,,,,,,,0.11591677367687225,,,
5,1089,,,,,,,0.09061108529567719,,,
5,1099,,,,,,,0.07536167651414871,,,
5,1109,,,,,,,0.08405165374279022,,,
5,1119,,,,,,,0.08026698231697083,,,
5,1129,,,,,,,0.07682585716247559,,,
5,1139,,,,,,,0.12514157593250275,,,
5,1149,,,,,,,0.0789714828133583,,,
5,1159,,,,,,,0.08402620255947113,,,
5,1169,,,,,,,0.09627725183963776,,,
5,1179,,,,,,,0.07446743547916412,,,
5,1189,,,,,,,0.06961777806282043,,,
5,1199,,,,,,,0.11374210566282272,,,
5,1209,,,,,,,0.07173977047204971,,,
5,1211,,,,,,,,0.9563530087471008,0.9168181419372559,0.14101503789424896
5,1211,,,,0.9705729484558105,0.9429516196250916,0.08992050588130951,,,,
6,1219,,,,,,,0.10061953216791153,,,
6,1229,,,,,,,0.0948491320014,,,
6,1239,,,,,,,0.05614934116601944,,,
6,1249,,,,,,,0.11484523862600327,,,
6,1259,,,,,,,0.07731637358665466,,,
6,1269,,,,,,,0.07574914395809174,,,
6,1279,,,,,,,0.11692536622285843,,,
6,1289,,,,,,,0.13016530871391296,,,
6,1299,,,,,,,0.07227810472249985,,,
6,1309,,,,,,,0.0814889445900917,,,
6,1319,,,,,,,0.0686631053686142,,,
6,1329,,,,,,,0.08225278556346893,,,
6,1339,,,,,,,0.12663966417312622,,,
6,1349,,,,,,,0.0989324301481247,,,
6,1359,,,,,,,0.08186718821525574,,,
6,1369,,,,,,,0.06732077151536942,,,
6,1379,,,,,,,0.0770701989531517,,,
6,1389,,,,,,,0.0889424979686737,,,
6,1399,,,,,,,0.07656244188547134,,,
6,1409,,,,,,,0.03928932547569275,,,
6,1413,,,,,,,,0.9565045237541199,0.9172394275665283,0.13794668018817902
6,1413,,,,0.9724746346473694,0.9465376734733582,0.08141796290874481,,,,
7,1419,,,,,,,0.06406568735837936,,,
7,1429,,,,,,,0.08478546142578125,,,
7,1439,,,,,,,0.06906411051750183,,,
7,1449,,,,,,,0.08119052648544312,,,
7,1459,,,,,,,0.05803697928786278,,,
7,1469,,,,,,,0.07579638063907623,,,
7,1479,,,,,,,0.06928028166294098,,,
7,1489,,,,,,,0.07959329336881638,,,
7,1499,,,,,,,0.08752046525478363,,,
7,1509,,,,,,,0.08179250359535217,,,
7,1519,,,,,,,0.07994973659515381,,,
7,1529,,,,,,,0.08974897861480713,,,
7,1539,,,,,,,0.06766340136528015,,,
7,1549,,,,,,,0.07903122901916504,,,
7,1559,,,,,,,0.0766562968492508,,,
7,1569,,,,,,,0.06792221963405609,,,
7,1579,,,,,,,0.058696795254945755,,,
7,1589,,,,,,,0.10002889484167099,,,
7,1599,,,,,,,0.05750811845064163,,,
7,1609,,,,,,,0.09283562004566193,,,
7,1615,,,,,,,,0.9565237164497375,0.9172254204750061,0.14194868505001068
7,1615,,,,0.9743516445159912,0.9500138759613037,0.0746944472193718,,,,
8,1619,,,,,,,0.16686590015888214,,,
8,1629,,,,,,,0.08057685941457748,,,
8,1639,,,,,,,0.05082482472062111,,,
8,1649,,,,,,,0.061518557369709015,,,
8,1659,,,,,,,0.06350278854370117,,,
8,1669,,,,,,,0.0849534198641777,,,
8,1679,,,,,,,0.0881652981042862,,,
8,1689,,,,,,,0.07250052690505981,,,
8,1699,,,,,,,0.08005904406309128,,,
8,1709,,,,,,,0.05882352218031883,,,
8,1719,,,,,,,0.050639133900403976,,,
8,1729,,,,,,,0.0887989029288292,,,
8,1739,,,,,,,0.07229459285736084,,,
8,1749,,,,,,,0.06202605366706848,,,
8,1759,,,,,,,0.06296342611312866,,,
8,1769,,,,,,,0.06263881921768188,,,
8,1779,,,,,,,0.059715449810028076,,,
8,1789,,,,,,,0.0778488889336586,,,
8,1799,,,,,,,0.06359934061765671,,,
8,1809,,,,,,,0.04148080199956894,,,
8,1817,,,,,,,,0.9570878744125366,0.918300986289978,0.13930287957191467
8,1817,,,,0.9749216437339783,0.9511011838912964,0.0725550577044487,,,,
9,1819,,,,,,,0.06240427494049072,,,
9,1829,,,,,,,0.06649498641490936,,,
9,1839,,,,,,,0.08374254405498505,,,
9,1849,,,,,,,0.05141739547252655,,,
9,1859,,,,,,,0.07813200354576111,,,
9,1869,,,,,,,0.07260171324014664,,,
9,1879,,,,,,,0.06782357394695282,,,
9,1889,,,,,,,0.0708605945110321,,,
9,1899,,,,,,,0.08056044578552246,,,
9,1909,,,,,,,0.061674728989601135,,,
9,1919,,,,,,,0.054870523512363434,,,
9,1929,,,,,,,0.06448999047279358,,,
9,1939,,,,,,,0.07234521210193634,,,
9,1949,,,,,,,0.052013978362083435,,,
9,1959,,,,,,,0.08337078988552094,,,
9,1969,,,,,,,0.0855535939335823,,,
9,1979,,,,,,,0.05989780277013779,,,
9,1989,,,,,,,0.08191937953233719,,,
9,1999,,,,,,,0.06728161126375198,,,
9,2009,,,,,,,0.06602071225643158,,,
9,2019,,,,,,,0.07305119931697845,,,
9,2019,,,,,,,,0.9567553997039795,0.9177281260490417,0.1391250491142273
9,2019,,,,0.9754639267921448,0.9521289467811584,0.07142426818609238,,,,
10,2029,,,,,,,0.07056804746389389,,,
10,2039,,,,,,,0.05591687560081482,,,
10,2049,,,,,,,0.06545531749725342,,,
10,2059,,,,,,,0.06619905680418015,,,
10,2069,,,,,,,0.09092417359352112,,,
10,2079,,,,,,,0.07678073644638062,,,
10,2089,,,,,,,0.06435047090053558,,,
10,2099,,,,,,,0.11332914233207703,,,
10,2109,,,,,,,0.09080371260643005,,,
10,2119,,,,,,,0.05586538463830948,,,
10,2129,,,,,,,0.06921816617250443,,,
10,2139,,,,,,,0.08223290741443634,,,
10,2149,,,,,,,0.08251393586397171,,,
10,2159,,,,,,,0.10008334368467331,,,
10,2169,,,,,,,0.09366074949502945,,,
10,2179,,,,,,,0.07660572975873947,,,
10,2189,,,,,,,0.08221457898616791,,,
10,2199,,,,,,,0.09236536175012589,,,
10,2209,,,,,,,0.08688832819461823,,,
10,2219,,,,,,,0.08898750692605972,,,
10,2221,,,,,,,,0.9570690989494324,0.9181495904922485,0.1376808136701584
10,2221,,,,0.9728388786315918,0.9472227692604065,0.07865361124277115,,,,
11,2229,,,,,,,0.10161899030208588,,,
11,2239,,,,,,,0.05295918881893158,,,
11,2249,,,,,,,0.0772336944937706,,,
11,2259,,,,,,,0.07744123041629791,,,
11,2269,,,,,,,0.06633231788873672,,,
11,2279,,,,,,,0.08782275766134262,,,
11,2289,,,,,,,0.07363582402467728,,,
11,2299,,,,,,,0.07773002982139587,,,
11,2309,,,,,,,0.06959956139326096,,,
11,2319,,,,,,,0.08135820180177689,,,
11,2329,,,,,,,0.07130326330661774,,,
11,2339,,,,,,,0.06116078048944473,,,
11,2349,,,,,,,0.09067684412002563,,,
11,2359,,,,,,,0.05755104497075081,,,
11,2369,,,,,,,0.08994199335575104,,,
11,2379,,,,,,,0.05545995011925697,,,
11,2389,,,,,,,0.07380730658769608,,,
11,2399,,,,,,,0.07359810173511505,,,
11,2409,,,,,,,0.06279239058494568,,,
11,2419,,,,,,,0.06875205785036087,,,
11,2423,,,,,,,,0.9589100480079651,0.9215024709701538,0.1334575116634369
11,2423,,,,0.9754717946052551,0.9521856904029846,0.06979294866323471,,,,
12,2429,,,,,,,0.06778285652399063,,,
12,2439,,,,,,,0.07068706303834915,,,
12,2449,,,,,,,0.06959917396306992,,,
12,2459,,,,,,,0.07052260637283325,,,
12,2469,,,,,,,0.07279953360557556,,,
12,2479,,,,,,,0.04766126349568367,,,
12,2489,,,,,,,0.08213217556476593,,,
12,2499,,,,,,,0.062386125326156616,,,
12,2509,,,,,,,0.07240868359804153,,,
12,2519,,,,,,,0.05391858518123627,,,
12,2529,,,,,,,0.053667012602090836,,,
12,2539,,,,,,,0.08957156538963318,,,
12,2549,,,,,,,0.07888660579919815,,,
12,2559,,,,,,,0.058680079877376556,,,
12,2569,,,,,,,0.053949564695358276,,,
12,2579,,,,,,,0.0561436265707016,,,
12,2589,,,,,,,0.058891572058200836,,,
12,2599,,,,,,,0.060422465205192566,,,
12,2609,,,,,,,0.06590475142002106,,,
12,2619,,,,,,,0.06255155801773071,,,
12,2625,,,,,,,,0.9604554772377014,0.9243643879890442,0.12820211052894592
12,2625,,,,0.9777371287345886,0.9564666152000427,0.06289760023355484,,,,
13,2629,,,,,,,0.05961395800113678,,,
13,2639,,,,,,,0.05716793239116669,,,
13,2649,,,,,,,0.05268069729208946,,,
13,2659,,,,,,,0.06331031024456024,,,
13,2669,,,,,,,0.06020701304078102,,,
13,2679,,,,,,,0.08886053413152695,,,
13,2689,,,,,,,0.07849492132663727,,,
13,2699,,,,,,,0.0530695915222168,,,
13,2709,,,,,,,0.04949700087308884,,,
13,2719,,,,,,,0.05062159523367882,,,
13,2729,,,,,,,0.05798311159014702,,,
13,2739,,,,,,,0.07033301889896393,,,
13,2749,,,,,,,0.054626189172267914,,,
13,2759,,,,,,,0.03511596471071243,,,
13,2769,,,,,,,0.05694415047764778,,,
13,2779,,,,,,,0.05908981338143349,,,
13,2789,,,,,,,0.06823685765266418,,,
13,2799,,,,,,,0.05046369880437851,,,
13,2809,,,,,,,0.04842326045036316,,,
13,2819,,,,,,,0.05123089253902435,,,
13,2827,,,,,,,,0.9592059254646301,0.9222168922424316,0.1349974125623703
13,2827,,,,0.9795278906822205,0.9598934054374695,0.056449662894010544,,,,
14,2829,,,,,,,0.057368867099285126,,,
14,2839,,,,,,,0.05052021145820618,,,
14,2849,,,,,,,0.052014365792274475,,,
14,2859,,,,,,,0.04566936194896698,,,
14,2869,,,,,,,0.03817770257592201,,,
14,2879,,,,,,,0.06122250854969025,,,
14,2889,,,,,,,0.05505465716123581,,,
14,2899,,,,,,,0.057219721376895905,,,
14,2909,,,,,,,0.06322319060564041,,,
14,2919,,,,,,,0.04955283924937248,,,
14,2929,,,,,,,0.038820914924144745,,,
14,2939,,,,,,,0.06307607144117355,,,
14,2949,,,,,,,0.05514184385538101,,,
14,2959,,,,,,,0.05447539687156677,,,
14,2969,,,,,,,0.0743265300989151,,,
14,2979,,,,,,,0.03315216302871704,,,
14,2989,,,,,,,0.05844741687178612,,,
14,2999,,,,,,,0.05930137261748314,,,
14,3009,,,,,,,0.05762820318341255,,,
14,3019,,,,,,,0.03809676319360733,,,
14,3029,,,,,,,0.04290759935975075,,,
14,3029,,,,,,,,0.9592413306236267,0.9222995042800903,0.1363806128501892
14,3029,,,,0.9806569218635559,0.9620597958564758,0.05290810763835907,,,,
15,3039,,,,,,,0.038246117532253265,,,
15,3049,,,,,,,0.07283070683479309,,,
15,3059,,,,,,,0.06253459304571152,,,
15,3069,,,,,,,0.06384099274873734,,,
15,3079,,,,,,,0.05148586258292198,,,
15,3089,,,,,,,0.049451328814029694,,,
15,3099,,,,,,,0.0440995879471302,,,
15,3109,,,,,,,0.04470336437225342,,,
15,3119,,,,,,,0.05064999312162399,,,
15,3129,,,,,,,0.04621480405330658,,,
15,3139,,,,,,,0.043543193489313126,,,
15,3149,,,,,,,0.052062951028347015,,,
15,3159,,,,,,,0.041609618812799454,,,
15,3169,,,,,,,0.03578278422355652,,,
15,3179,,,,,,,0.04481979459524155,,,
15,3189,,,,,,,0.037044331431388855,,,
15,3199,,,,,,,0.04486948251724243,,,
15,3209,,,,,,,0.05846073478460312,,,
15,3219,,,,,,,0.054699286818504333,,,
15,3229,,,,,,,0.05284272879362106,,,
15,3231,,,,,,,,0.9604156613349915,0.9243472814559937,0.1308857500553131
15,3231,,,,0.9814251661300659,0.9635419249534607,0.05169810727238655,,,,
16,3239,,,,,,,0.052202701568603516,,,
16,3249,,,,,,,0.04383121430873871,,,
16,3259,,,,,,,0.049378927797079086,,,
16,3269,,,,,,,0.041266411542892456,,,
16,3279,,,,,,,0.047025296837091446,,,
16,3289,,,,,,,0.035357482731342316,,,
16,3299,,,,,,,0.04683227837085724,,,
16,3309,,,,,,,0.042736101895570755,,,
16,3319,,,,,,,0.05156153440475464,,,
16,3329,,,,,,,0.038885779678821564,,,
16,3339,,,,,,,0.05708421766757965,,,
16,3349,,,,,,,0.03982042148709297,,,
16,3359,,,,,,,0.03964943066239357,,,
16,3369,,,,,,,0.04113291576504707,,,
16,3379,,,,,,,0.05515166372060776,,,
16,3389,,,,,,,0.05551230534911156,,,
16,3399,,,,,,,0.044477637857198715,,,
16,3409,,,,,,,0.057146139442920685,,,
16,3419,,,,,,,0.05037831515073776,,,
16,3429,,,,,,,0.044705674052238464,,,
16,3433,,,,,,,,0.9606805443763733,0.9248112440109253,0.13050983846187592
16,3433,,,,0.9822294116020203,0.965090811252594,0.04882962256669998,,,,
17,3439,,,,,,,0.05373527109622955,,,
17,3449,,,,,,,0.059306688606739044,,,
17,3459,,,,,,,0.041417963802814484,,,
17,3469,,,,,,,0.06099872663617134,,,
17,3479,,,,,,,0.05278811603784561,,,
17,3489,,,,,,,0.04957116022706032,,,
17,3499,,,,,,,0.05151471495628357,,,
17,3509,,,,,,,0.04480266571044922,,,
17,3519,,,,,,,0.030986342579126358,,,
17,3529,,,,,,,0.032586611807346344,,,
17,3539,,,,,,,0.0572366788983345,,,
17,3549,,,,,,,0.058341361582279205,,,
17,3559,,,,,,,0.05526623874902725,,,
17,3569,,,,,,,0.026812005788087845,,,
17,3579,,,,,,,0.04042264074087143,,,
17,3589,,,,,,,0.05027072876691818,,,
17,3599,,,,,,,0.039769526571035385,,,
17,3609,,,,,,,0.03495411202311516,,,
17,3619,,,,,,,0.05382212996482849,,,
17,3629,,,,,,,0.054313309490680695,,,
17,3635,,,,,,,,0.9607551693916321,0.9249202609062195,0.13196657598018646
17,3635,,,,0.9826534986495972,0.9659088253974915,0.047543395310640335,,,,
18,3639,,,,,,,0.05471588671207428,,,
18,3649,,,,,,,0.04717219993472099,,,
18,3659,,,,,,,0.04712942987680435,,,
18,3669,,,,,,,0.04665681719779968,,,
18,3679,,,,,,,0.04267154633998871,,,
18,3689,,,,,,,0.06401567161083221,,,
18,3699,,,,,,,0.03971483185887337,,,
18,3709,,,,,,,0.044604986906051636,,,
18,3719,,,,,,,0.05456407368183136,,,
18,3729,,,,,,,0.06211312860250473,,,
18,3739,,,,,,,0.04782015085220337,,,
18,3749,,,,,,,0.03658164292573929,,,
18,3759,,,,,,,0.030987026169896126,,,
18,3769,,,,,,,0.053237490355968475,,,
18,3779,,,,,,,0.04247771203517914,,,
18,3789,,,,,,,0.05395829677581787,,,
18,3799,,,,,,,0.03865676000714302,,,
18,3809,,,,,,,0.03566524013876915,,,
18,3819,,,,,,,0.044429581612348557,,,
18,3829,,,,,,,0.04884790629148483,,,
18,3837,,,,,,,,0.9600167870521545,0.9236707091331482,0.13528978824615479
18,3837,,,,0.9830746650695801,0.9667242765426636,0.04597840830683708,,,,
19,3839,,,,,,,0.03834929317235947,,,
19,3849,,,,,,,0.04191065579652786,,,
19,3859,,,,,,,0.039435647428035736,,,
19,3869,,,,,,,0.051267385482788086,,,
19,3879,,,,,,,0.053785063326358795,,,
19,3889,,,,,,,0.040682509541511536,,,
19,3899,,,,,,,0.03733711689710617,,,
19,3909,,,,,,,0.053504038602113724,,,
19,3919,,,,,,,0.03895093873143196,,,
19,3929,,,,,,,0.041158270090818405,,,
19,3939,,,,,,,0.046239107847213745,,,
19,3949,,,,,,,0.05639929696917534,,,
19,3959,,,,,,,0.029861554503440857,,,
19,3969,,,,,,,0.03322778642177582,,,
19,3979,,,,,,,0.04775075241923332,,,
19,3989,,,,,,,0.05062815546989441,,,
19,3999,,,,,,,0.0510503351688385,,,
19,4009,,,,,,,0.05251031368970871,,,
19,4019,,,,,,,0.04726037755608559,,,
19,4029,,,,,,,0.04948848485946655,,,
19,4039,,,,,,,0.04395117983222008,,,
19,4039,,,,,,,,0.9604911804199219,0.9245012402534485,0.13257504999637604
19,4039,,,,0.9830418825149536,0.9666590094566345,0.04559435695409775,,,,
20,4049,,,,,,,0.04439343884587288,,,
20,4059,,,,,,,0.044540971517562866,,,
20,4069,,,,,,,0.0538962259888649,,,
20,4079,,,,,,,0.04036293923854828,,,
20,4089,,,,,,,0.047400183975696564,,,
20,4099,,,,,,,0.04424499720335007,,,
20,4109,,,,,,,0.051193542778491974,,,
20,4119,,,,,,,0.06089344620704651,,,
20,4129,,,,,,,0.07664505392313004,,,
20,4139,,,,,,,0.04749495908617973,,,
20,4149,,,,,,,0.054540663957595825,,,
20,4159,,,,,,,0.06121847406029701,,,
20,4169,,,,,,,0.06499094516038895,,,
20,4179,,,,,,,0.03262990713119507,,,
20,4189,,,,,,,0.05679541826248169,,,
20,4199,,,,,,,0.047224387526512146,,,
20,4209,,,,,,,0.048147689551115036,,,
20,4219,,,,,,,0.04286741092801094,,,
20,4229,,,,,,,0.06470820307731628,,,
20,4239,,,,,,,0.044272616505622864,,,
20,4241,,,,,,,,0.9621032476425171,0.9273068308830261,0.12409073114395142
20,4241,,,,0.98177170753479,0.9642068147659302,0.04997855797410011,,,,
21,4249,,,,,,,0.057532232254743576,,,
21,4259,,,,,,,0.047641925513744354,,,
21,4269,,,,,,,0.051341988146305084,,,
21,4279,,,,,,,0.06039683520793915,,,
21,4289,,,,,,,0.05804932117462158,,,
21,4299,,,,,,,0.04549611359834671,,,
21,4309,,,,,,,0.05031218379735947,,,
21,4319,,,,,,,0.043353237211704254,,,
21,4329,,,,,,,0.03748457133769989,,,
21,4339,,,,,,,0.05246896669268608,,,
21,4349,,,,,,,0.048396311700344086,,,
21,4359,,,,,,,0.08858558535575867,,,
21,4369,,,,,,,0.05439615994691849,,,
21,4379,,,,,,,0.05579637736082077,,,
21,4389,,,,,,,0.04549068212509155,,,
21,4399,,,,,,,0.050365645438432693,,,
21,4409,,,,,,,0.04975452646613121,,,
21,4419,,,,,,,0.0430920235812664,,,
21,4429,,,,,,,0.04272682964801788,,,
21,4439,,,,,,,0.04066765680909157,,,
21,4443,,,,,,,,0.9609581828117371,0.9252618551254272,0.1320009082555771
21,4443,,,,0.9820985198020935,0.9648391604423523,0.049548566341400146,,,,
22,4449,,,,,,,0.048824526369571686,,,
22,4459,,,,,,,0.04628656804561615,,,
22,4469,,,,,,,0.0588785819709301,,,
22,4479,,,,,,,0.04609297960996628,,,
22,4489,,,,,,,0.059972792863845825,,,
22,4499,,,,,,,0.04781576618552208,,,
22,4509,,,,,,,0.05257498100399971,,,
22,4519,,,,,,,0.05462067574262619,,,
22,4529,,,,,,,0.055656224489212036,,,
22,4539,,,,,,,0.053619883954524994,,,
22,4549,,,,,,,0.05379604548215866,,,
22,4559,,,,,,,0.03946642577648163,,,
22,4569,,,,,,,0.0418098121881485,,,
22,4579,,,,,,,0.042709141969680786,,,
22,4589,,,,,,,0.03307872638106346,,,
22,4599,,,,,,,0.05085643753409386,,,
22,4609,,,,,,,0.03820129111409187,,,
22,4619,,,,,,,0.03606834262609482,,,
22,4629,,,,,,,0.033840861171483994,,,
22,4639,,,,,,,0.04678201302886009,,,
22,4645,,,,,,,,0.9613046050071716,0.9258952140808105,0.1352694183588028
22,4645,,,,0.9831438660621643,0.9668567776679993,0.04598585143685341,,,,
23,4649,,,,,,,0.033915501087903976,,,
23,4659,,,,,,,0.0533914677798748,,,
23,4669,,,,,,,0.04617977514863014,,,
23,4679,,,,,,,0.04607086628675461,,,
23,4689,,,,,,,0.041418906301259995,,,
23,4699,,,,,,,0.047285113483667374,,,
23,4709,,,,,,,0.03694475442171097,,,
23,4719,,,,,,,0.05165272206068039,,,
23,4729,,,,,,,0.04129115119576454,,,
23,4739,,,,,,,0.027991488575935364,,,
23,4749,,,,,,,0.044335782527923584,,,
23,4759,,,,,,,0.04624180495738983,,,
23,4769,,,,,,,0.027669895440340042,,,
23,4779,,,,,,,0.03651629015803337,,,
23,4789,,,,,,,0.03608439117670059,,,
23,4799,,,,,,,0.039531078189611435,,,
23,4809,,,,,,,0.04964123293757439,,,
23,4819,,,,,,,0.046955715864896774,,,
23,4829,,,,,,,0.027731720358133316,,,
23,4839,,,,,,,0.050745271146297455,,,
23,4847,,,,,,,,0.9619531035423279,0.9271948337554932,0.13189639151096344
23,4847,,,,0.9842028617858887,0.9689071178436279,0.04224897921085358,,,,
24,4849,,,,,,,0.03938785195350647,,,
24,4859,,,,,,,0.042055271565914154,,,
24,4869,,,,,,,0.03174758702516556,,,
24,4879,,,,,,,0.040084484964609146,,,
24,4889,,,,,,,0.024987153708934784,,,
24,4899,,,,,,,0.04572679102420807,,,
24,4909,,,,,,,0.04019003361463547,,,
24,4919,,,,,,,0.04690587520599365,,,
24,4929,,,,,,,0.05046001821756363,,,
24,4939,,,,,,,0.061350949108600616,,,
24,4949,,,,,,,0.03477663919329643,,,
24,4959,,,,,,,0.031484514474868774,,,
24,4969,,,,,,,0.03195437788963318,,,
24,4979,,,,,,,0.03895311802625656,,,
24,4989,,,,,,,0.03677466884255409,,,
24,4999,,,,,,,0.028046125546097755,,,
24,5009,,,,,,,0.03630922734737396,,,
24,5019,,,,,,,0.029967285692691803,,,
24,5029,,,,,,,0.03202987462282181,,,
24,5039,,,,,,,0.04050228372216225,,,
24,5049,,,,,,,0.03726568818092346,,,
24,5049,,,,,,,,0.9620385766029358,0.9272760152816772,0.1313619762659073
24,5049,,,,0.9848604202270508,0.9701804518699646,0.040512241423130035,,,,
25,5059,,,,,,,0.045398663729429245,,,
25,5069,,,,,,,0.044810786843299866,,,
25,5079,,,,,,,0.043798595666885376,,,
25,5089,,,,,,,0.0412028506398201,,,
25,5099,,,,,,,0.029647337272763252,,,
25,5109,,,,,,,0.03868268057703972,,,
25,5119,,,,,,,0.04371064156293869,,,
25,5129,,,,,,,0.030129969120025635,,,
25,5139,,,,,,,0.04613165557384491,,,
25,5149,,,,,,,0.04301747679710388,,,
25,5159,,,,,,,0.050623200833797455,,,
25,5169,,,,,,,0.034876395016908646,,,
25,5179,,,,,,,0.03277997672557831,,,
25,5189,,,,,,,0.03600143641233444,,,
25,5199,,,,,,,0.049056511372327805,,,
25,5209,,,,,,,0.03843396529555321,,,
25,5219,,,,,,,0.045880235731601715,,,
25,5229,,,,,,,0.03120541200041771,,,
25,5239,,,,,,,0.041933752596378326,,,
25,5249,,,,,,,0.03035290166735649,,,
25,5251,,,,,,,,0.9627727270126343,0.9286239743232727,0.13040050864219666
25,5251,,,,0.9855471253395081,0.9715126752853394,0.03859987482428551,,,,
26,5259,,,,,,,0.02913542278110981,,,
26,5269,,,,,,,0.031070832163095474,,,
26,5279,,,,,,,0.04019124433398247,,,
26,5289,,,,,,,0.03247864544391632,,,
26,5299,,,,,,,0.041595377027988434,,,
26,5309,,,,,,,0.04665742814540863,,,
26,5319,,,,,,,0.038369424641132355,,,
26,5329,,,,,,,0.04469965398311615,,,
26,5339,,,,,,,0.04094823822379112,,,
26,5349,,,,,,,0.036752812564373016,,,
26,5359,,,,,,,0.03927970677614212,,,
26,5369,,,,,,,0.03839261829853058,,,
26,5379,,,,,,,0.03515651077032089,,,
26,5389,,,,,,,0.043845295906066895,,,
26,5399,,,,,,,0.03720324859023094,,,
26,5409,,,,,,,0.03447327762842178,,,
26,5419,,,,,,,0.03803420066833496,,,
26,5429,,,,,,,0.030656205490231514,,,
26,5439,,,,,,,0.030326642096042633,,,
26,5449,,,,,,,0.03866453841328621,,,
26,5453,,,,,,,,0.9621304273605347,0.9274507164955139,0.13304367661476135
26,5453,,,,0.9859378337860107,0.9722741842269897,0.0374128483235836,,,,
27,5459,,,,,,,0.042744822800159454,,,
27,5469,,,,,,,0.03355158120393753,,,
27,5479,,,,,,,0.030221110209822655,,,
27,5489,,,,,,,0.0360819473862648,,,
27,5499,,,,,,,0.030771024525165558,,,
27,5509,,,,,,,0.03663448616862297,,,
27,5519,,,,,,,0.047487445175647736,,,
27,5529,,,,,,,0.043732356280088425,,,
27,5539,,,,,,,0.03689909353852272,,,
27,5549,,,,,,,0.03000139631330967,,,
27,5559,,,,,,,0.02957429550588131,,,
27,5569,,,,,,,0.029651343822479248,,,
27,5579,,,,,,,0.030817683786153793,,,
27,5589,,,,,,,0.03131091967225075,,,
27,5599,,,,,,,0.04924949258565903,,,
27,5609,,,,,,,0.038209736347198486,,,
27,5619,,,,,,,0.04425440728664398,,,
27,5629,,,,,,,0.03665158525109291,,,
27,5639,,,,,,,0.0404282882809639,,,
27,5649,,,,,,,0.04457872733473778,,,
27,5655,,,,,,,,0.962473452091217,0.9281006455421448,0.13263843953609467
27,5655,,,,0.986254096031189,0.9728882908821106,0.03651353344321251,,,,
28,5659,,,,,,,0.05022401735186577,,,
28,5669,,,,,,,0.04164449870586395,,,
28,5679,,,,,,,0.03365103527903557,,,
28,5689,,,,,,,0.03687440976500511,,,
28,5699,,,,,,,0.03566514700651169,,,
28,5709,,,,,,,0.03219382464885712,,,
28,5719,,,,,,,0.02996167540550232,,,
28,5729,,,,,,,0.03719121962785721,,,
28,5739,,,,,,,0.04145757853984833,,,
28,5749,,,,,,,0.030324352905154228,,,
28,5759,,,,,,,0.03745131194591522,,,
28,5769,,,,,,,0.040344130247831345,,,
28,5779,,,,,,,0.03770379722118378,,,
28,5789,,,,,,,0.04187888279557228,,,
28,5799,,,,,,,0.03760246932506561,,,
28,5809,,,,,,,0.037868596613407135,,,
28,5819,,,,,,,0.03328428044915199,,,
28,5829,,,,,,,0.03137451782822609,,,
28,5839,,,,,,,0.028975237160921097,,,
28,5849,,,,,,,0.03291662037372589,,,
28,5857,,,,,,,,0.9625197649002075,0.9281768798828125,0.13198378682136536
28,5857,,,,0.9865696430206299,0.9735007882118225,0.035416264086961746,,,,
29,5859,,,,,,,0.029621589928865433,,,
29,5869,,,,,,,0.030990907922387123,,,
29,5879,,,,,,,0.027496976777911186,,,
29,5889,,,,,,,0.029675228521227837,,,
29,5899,,,,,,,0.029916629195213318,,,
29,5909,,,,,,,0.03557372838258743,,,
29,5919,,,,,,,0.038864344358444214,,,
29,5929,,,,,,,0.04168663173913956,,,
29,5939,,,,,,,0.028986800462007523,,,
29,5949,,,,,,,0.034546200186014175,,,
29,5959,,,,,,,0.03246118500828743,,,
29,5969,,,,,,,0.03855782002210617,,,
29,5979,,,,,,,0.031640052795410156,,,
29,5989,,,,,,,0.04259200021624565,,,
29,5999,,,,,,,0.03107452020049095,,,
29,6009,,,,,,,0.045671913772821426,,,
29,6019,,,,,,,0.04286438599228859,,,
29,6029,,,,,,,0.03216589614748955,,,
29,6039,,,,,,,0.0393633209168911,,,
29,6049,,,,,,,0.0472927950322628,,,
29,6059,,,,,,,0.030090272426605225,,,
29,6059,,,,,,,,0.9625127911567688,0.9281803965568542,0.13279719650745392
29,6059,,,,0.986609935760498,0.9735816717147827,0.035678986459970474,,,,
30,6069,,,,,,,0.03785889223217964,,,
30,6079,,,,,,,0.03468431904911995,,,
30,6089,,,,,,,0.037390392273664474,,,
30,6099,,,,,,,0.042268361896276474,,,
30,6109,,,,,,,0.03540068864822388,,,
30,6119,,,,,,,0.03389398008584976,,,
30,6129,,,,,,,0.04600927233695984,,,
30,6139,,,,,,,0.03756808489561081,,,
30,6149,,,,,,,0.033628471195697784,,,
30,6159,,,,,,,0.048932675272226334,,,
30,6169,,,,,,,0.05415120720863342,,,
30,6179,,,,,,,0.03336488828063011,,,
30,6189,,,,,,,0.03792073205113411,,,
30,6199,,,,,,,0.04229661449790001,,,
30,6209,,,,,,,0.05226840451359749,,,
30,6219,,,,,,,0.04702841490507126,,,
30,6229,,,,,,,0.05080580711364746,,,
30,6239,,,,,,,0.047750744968652725,,,
30,6249,,,,,,,0.044895097613334656,,,
30,6259,,,,,,,0.04471509903669357,,,
30,6261,,,,,,,,0.96346116065979,0.9297414422035217,0.12443260103464127
30,6261,,,,0.9849755167961121,0.970403790473938,0.04077090695500374,,,,
31,6269,,,,,,,0.04069621488451958,,,
31,6279,,,,,,,0.04167557135224342,,,
31,6289,,,,,,,0.035239432007074356,,,
31,6299,,,,,,,0.03063814342021942,,,
31,6309,,,,,,,0.044781412929296494,,,
31,6319,,,,,,,0.04035396873950958,,,
31,6329,,,,,,,0.03899656608700752,,,
31,6339,,,,,,,0.03687804937362671,,,
31,6349,,,,,,,0.04430864751338959,,,
31,6359,,,,,,,0.05144994705915451,,,
31,6369,,,,,,,0.03391410410404205,,,
31,6379,,,,,,,0.04084442928433418,,,
31,6389,,,,,,,0.031536996364593506,,,
31,6399,,,,,,,0.03757869824767113,,,
31,6409,,,,,,,0.0370112843811512,,,
31,6419,,,,,,,0.03321269154548645,,,
31,6429,,,,,,,0.03233795240521431,,,
31,6439,,,,,,,0.03317784145474434,,,
31,6449,,,,,,,0.03816630691289902,,,
31,6459,,,,,,,0.027965834364295006,,,
31,6463,,,,,,,,0.9614032506942749,0.9260408282279968,0.13243186473846436
31,6463,,,,0.9850950837135315,0.9706376194953918,0.039757970720529556,,,,
32,6469,,,,,,,0.03689625486731529,,,
32,6479,,,,,,,0.046798884868621826,,,
32,6489,,,,,,,0.04123278334736824,,,
32,6499,,,,,,,0.03214281052350998,,,
32,6509,,,,,,,0.04292207211256027,,,
32,6519,,,,,,,0.03435271233320236,,,
32,6529,,,,,,,0.04076101630926132,,,
32,6539,,,,,,,0.02805567905306816,,,
32,6549,,,,,,,0.03804884850978851,,,
32,6559,,,,,,,0.02538233995437622,,,
32,6569,,,,,,,0.02300332859158516,,,
32,6579,,,,,,,0.03538357466459274,,,
32,6589,,,,,,,0.033058665692806244,,,
32,6599,,,,,,,0.03678014874458313,,,
32,6609,,,,,,,0.0405467189848423,,,
32,6619,,,,,,,0.0354585237801075,,,
32,6629,,,,,,,0.025195222347974777,,,
32,6639,,,,,,,0.03634784743189812,,,
32,6649,,,,,,,0.027752229943871498,,,
32,6659,,,,,,,0.04632110893726349,,,
32,6665,,,,,,,,0.9630300998687744,0.9290629029273987,0.12921957671642303
32,6665,,,,0.9861510396003723,0.972687840461731,0.03651959076523781,,,,
33,6669,,,,,,,0.02817053347826004,,,
33,6679,,,,,,,0.03187014162540436,,,
33,6689,,,,,,,0.0218646302819252,,,
33,6699,,,,,,,0.049899958074092865,,,
33,6709,,,,,,,0.04336165636777878,,,
33,6719,,,,,,,0.0331500843167305,,,
33,6729,,,,,,,0.041174840182065964,,,
33,6739,,,,,,,0.03907885029911995,,,
33,6749,,,,,,,0.02453136444091797,,,
33,6759,,,,,,,0.03524085506796837,,,
33,6769,,,,,,,0.04407695308327675,,,
33,6779,,,,,,,0.0274487491697073,,,
33,6789,,,,,,,0.03485779091715813,,,
33,6799,,,,,,,0.030168676748871803,,,
33,6809,,,,,,,0.033147718757390976,,,
33,6819,,,,,,,0.04168737307190895,,,
33,6829,,,,,,,0.030907250940799713,,,
33,6839,,,,,,,0.03806338831782341,,,
33,6849,,,,,,,0.028139904141426086,,,
33,6859,,,,,,,0.037069499492645264,,,
33,6867,,,,,,,,0.9627618193626404,0.9286090731620789,0.13034595549106598
33,6867,,,,0.9864919185638428,0.9733740091323853,0.035296592861413956,,,,
34,6869,,,,,,,0.0375933013856411,,,
34,6879,,,,,,,0.02611878328025341,,,
34,6889,,,,,,,0.029931528493762016,,,
34,6899,,,,,,,0.034649744629859924,,,
34,6909,,,,,,,0.06902393698692322,,,
34,6919,,,,,,,0.04164673388004303,,,
34,6929,,,,,,,0.027245067059993744,,,
34,6939,,,,,,,0.030932646244764328,,,
34,6949,,,,,,,0.03943676874041557,,,
34,6959,,,,,,,0.03724437952041626,,,
34,6969,,,,,,,0.03471430391073227,,,
34,6979,,,,,,,0.020396359264850616,,,
34,6989,,,,,,,0.03439678996801376,,,
34,6999,,,,,,,0.045363690704107285,,,
34,7009,,,,,,,0.03473181650042534,,,
34,7019,,,,,,,0.03422999382019043,,,
34,7029,,,,,,,0.03322785347700119,,,
34,7039,,,,,,,0.0328361839056015,,,
34,7049,,,,,,,0.0414019450545311,,,
34,7059,,,,,,,0.025861317291855812,,,
34,7069,,,,,,,0.031927067786455154,,,
34,7069,,,,,,,,0.9637877941131592,0.9304168820381165,0.12849730253219604
34,7069,,,,0.9870347380638123,0.9744096994400024,0.034474194049835205,,,,
35,7079,,,,,,,0.03932715952396393,,,
35,7089,,,,,,,0.04017290845513344,,,
35,7099,,,,,,,0.03997110202908516,,,
35,7109,,,,,,,0.030648861080408096,,,
35,7119,,,,,,,0.03419368341565132,,,
35,7129,,,,,,,0.03169047087430954,,,
35,7139,,,,,,,0.03406670317053795,,,
35,7149,,,,,,,0.03412330523133278,,,
35,7159,,,,,,,0.03239801153540611,,,
35,7169,,,,,,,0.02462608739733696,,,
35,7179,,,,,,,0.02594541758298874,,,
35,7189,,,,,,,0.03404831141233444,,,
35,7199,,,,,,,0.026674851775169373,,,
35,7209,,,,,,,0.03616579622030258,,,
35,7219,,,,,,,0.02739153429865837,,,
35,7229,,,,,,,0.03639780357480049,,,
35,7239,,,,,,,0.03114541806280613,,,
35,7249,,,,,,,0.03268631920218468,,,
35,7259,,,,,,,0.0320519283413887,,,
35,7269,,,,,,,0.026293929666280746,,,
35,7271,,,,,,,,0.9631720185279846,0.9293280243873596,0.13303031027317047
35,7271,,,,0.9876623153686523,0.9756319522857666,0.03233193978667259,,,,
36,7272,0.9530145525932312,0.9121838808059692,0.16716966032981873,,,,,,,
